scaler,maximo_absoluto,porcentaje_valores_abs_mayor_3
standard,14.939843887801743,0.6172839506172839
robust,25.88843425402036,0.8641975308641975
