imputer,rmse,mae,valores_ocultados
median,0.7828910930605715,0.5917517931760036,270
knn_5_distance,0.4718306971719921,0.2612738737438622,270
