scaler,maximo_absoluto,porcentaje_valores_abs_mayor_3
standard,14.536522341096285,0.6837173968093189
robust,25.354427853286015,0.8989617624715118
