imputer,rmse,mae,valores_ocultados
median,0.7341982824598544,0.5493470493996571,293
knn_5_distance,0.4534822131205954,0.24857465709883092,293
